Event Title,Event Type,Date Time,Country,City,Infrastructure Affected,Severity,Latitude,Longitude,Url,Description
MICHIGAN - Michigan Paper Mill With Fungal Infections Outbreak Reopens,General News,2023-05-12 22:23:12,US (United States),"Escanaba, MI, USA",Unknown,Severe,45.7452470,-87.0645800,https://www.insurancejournal.com/news/midwest/2023/05/12/720602.htm,"[AP] MICHIGAN - Michigan Paper Mill With Fungal Infections Outbreak Reopens
""The Billerud Paper Mill in Escanaba reopened Monday, following a deep cleaning recommended by public health authorities and experts, the company said.""
Read the full article:
https://www.insurancejournal.com/news/midwest/2023/05/12/720602.htm"
CANADA - Health Officials Confirm Case Of Hepatitis A At Milton Golf Club,General News,2023-05-12 18:51:49,CA (Canada),"RattleSnake Point Golf Club, Regional Road 25, Milton, ON, Canada",Unknown,Unknown,43.4834330,-79.8135600,https://www.chch.com/health-officials-confirm-case-of-hepatitis-a-at-milton-golf-club/,"[chch.com] CANADA - Health officials confirm case of hepatitis A at Milton golf club
""Halton Region Public Health has confirmed a case of hepatitis A at a Milton golf club after a food handler at its restaurant tested positive.""
Read the full article:
https://www.chch.com/health-officials-confirm-case-of-hepatitis-a-at-milton-golf-club/
 "
WITZERLAND - WHO Declares End To Monkeypox Public Health Emergency,General News,2023-05-11 15:17:00,CH (Switzerland),"Geneva, Switzerland",Unknown,Severe,46.2043910,6.1431580,https://www.deccanherald.com/international/world-news-politics/who-declares-end-to-monkeypox-public-health-emergency-1217862.html,"[Reuters] SWITZERLAND - WHO declares end to monkeypox public health emergency
""The World Health Organization (WHO) said on Thursday that monkeypox (mpox) was no longer a global health emergency, ending a near year-long alert for the viral disease that led to confirmed cases in more than hundred countries.
Read the full article:
https://www.deccanherald.com/international/world-news-politics/who-declares-end-to-monkeypox-public-health-emergency-1217862.html
 "
CALIFORNIA - Confirmed Hospitalizations And Illnesses Increase In Hepatitis A Outbreak Linked To Frozen Strawberries,General News,2023-05-09 09:22:50,US (United States),"Sacramento, CA, USA",Unknown,Unknown,38.5815720,-121.4944000,https://www.foodpoisoningnews.com/confirmed-hospitalizations-and-illnesses-increase-in-hepatitis-a-outbreak-linked-to-frozen-strawberries/,"[foodpoisoningnews.com] CALIFORNIA - Confirmed Hospitalizations and Illnesses Increase in Hepatitis A Outbreak Linked to Frozen Strawberries
""On the 5th of May, 2023, the U.S. Food & Drug Administration (FDA) announced there had been an increase in the number of Hepatitis A illnesses linked to frozen strawberries.""
Read the full article:
https://www.foodpoisoningnews.com/confirmed-hospitalizations-and-illnesses-increase-in-hepatitis-a-outbreak-linked-to-frozen-strawberries/
 "
MICHIGAN - Rare Fungal Outbreak In Michigan Grows To 115 Cases,General News,2023-05-09 09:21:44,US (United States),"Lansing, MI, USA",Unknown,Severe,42.7325350,-84.5555350,https://www.beckershospitalreview.com/public-health/rare-fungal-outbreak-in-michigan-grows-to-115-cases.html,"[beckershospitalreview.com] MICHIGAN - Rare fungal outbreak in Michigan grows to 115 cases
""A rare fungal outbreak at a Michigan paper mill has infected more than 100 people, and health officials are still searching for the source of the fungus. ""
Read the full article:
https://www.beckershospitalreview.com/public-health/rare-fungal-outbreak-in-michigan-grows-to-115-cases.html
 "
NEW ZEALAND - Measles Outbreak - Auckland Cases Should Be A Warning - Expert Says,General News,2023-05-08 20:26:41,NZ (New Zealand),"Auckland, New Zealand",Unknown,Severe,-36.8508830,174.7644880,https://www.nzherald.co.nz/nz/measles-outbreak-auckland-cases-should-be-a-warning-expert-says/VWCOEQ6YCZHFTIPT66ZYB3OMSI/,"[Local Democracy Reporter] NEW ZEALAND - Measles outbreak: Auckland cases should be a warning, expert says
""The University of Auckland’s Immunisation Advisory Centre medical director, Dr Nikki Turner, said child immunisation rates in areas like south Auckland remain in a state of crisis and an outbreak could have dire consequences.""
Read the full article:
https://www.nzherald.co.nz/nz/measles-outbreak-auckland-cases-should-be-a-warning-expert-says/VWCOEQ6YCZHFTIPT66ZYB3OMSI/"
NEW ZEALAND - Measles Outbreak - Auckland Cases Should Be A Warning - Expert Says,General News,2023-05-08 11:55:39,NZ (New Zealand),"Auckland, New Zealand",Unknown,Severe,-36.8508830,174.7644880,https://www.nzherald.co.nz/nz/measles-outbreak-auckland-cases-should-be-a-warning-expert-says/VWCOEQ6YCZHFTIPT66ZYB3OMSI/,"[Local Democracy Reporter] NEW ZEALAND - Measles outbreak: Auckland cases should be a warning, expert says
""The University of Auckland’s Immunisation Advisory Centre medical director, Dr Nikki Turner, said child immunisation rates in areas like south Auckland remain in a state of crisis and an outbreak could have dire consequences.""
Read the full article:
https://www.nzherald.co.nz/nz/measles-outbreak-auckland-cases-should-be-a-warning-expert-says/VWCOEQ6YCZHFTIPT66ZYB3OMSI/
 "
VIETNAM - Hot Weather Causes Several Disease Outbreaks In Vietnamese Shrimp,General News,2023-05-08 11:46:46,VN (Vietnam),Hanoi,Unknown,Severe,21.0245000,105.8411700,https://www.undercurrentnews.com/2023/05/08/hot-weather-causes-several-disease-outbreaks-in-vietnamese-shrimp/,"[undercurrentnews.com] VIETNAM - Hot weather causes several disease outbreaks in Vietnamese shrimp
""A heat wave in mid-April raised water temperatures significantly in Vietnam's farming areas, causing multiple disease outbreaks in shrimp farms""
Read the full article:
https://www.undercurrentnews.com/2023/05/08/hot-weather-causes-several-disease-outbreaks-in-vietnamese-shrimp/
 "
INDIA - African Swine Fever Outbreak In Govt Pig Farm In Eastern West Khasi Hills - Restrictions Imposed,African Swine Fever / Swine Fever,2023-05-16 11:31:32,IN (India),"West Khasi Hills, Meghalaya, India",Unknown,Severe,25.5624620,91.2891040,https://hubnetwork.in/african-swine-fever-outbreak-in-govt-pig-farm-in-eastern-west-khasi-hills-restrictions-imposed/,"[Hub Network] INDIA - African Swine Fever outbreak in Govt Pig farm in Eastern West Khasi Hills, restrictions imposed
""After the outbreak of African Swine Fever (ASF), the Meghalaya government has imposed 28-point restrictions and prohibited various activities in Eastern West Khasi Hills district under section 144 CrPC.""
Read the full article:
https://hubnetwork.in/african-swine-fever-outbreak-in-govt-pig-farm-in-eastern-west-khasi-hills-restrictions-imposed/
 "
INDONESIA - Indonesia Confirms African Swine Fever Outbreak,African Swine Fever / Swine Fever,2023-05-09 09:19:56,ID (Indonesia),Bulan island,Unknown,Unknown,0.9811510,103.9027990,https://www.porkbusiness.com/news/industry/indonesia-confirms-african-swine-fever-outbreak,"[porkbusiness.com] INDONESIA - Indonesia Confirms African Swine Fever Outbreak
""Indonesia reported an outbreak of the deadly virus of pigs, African swine fever, on a farm on the Riau Islands near Singapore, according to the World Organisation for Animal Health (WOAH).""
Read the full article:
https://www.porkbusiness.com/news/industry/indonesia-confirms-african-swine-fever-outbreak
 "
UNITED KINGDOM - 2 Poultry Workers In UK Test Positive For Bird Flu,Avian Flu H7N9 / H5N1 / H5N2 / H7N1 / H7N3 / H7N7 / H5N8,2023-05-17 11:42:16,UK (United Kingdom),"London, UK",Unknown,Unknown,51.5072180,-0.1275860,https://www.republicworld.com/world-news/uk-news/two-poultry-workers-in-uk-test-positive-for-bird-flu-articleshow.html,"[Associated Press Television News] UNITED KINGDOM - Two Poultry Workers In UK Test Positive For Bird Flu
""The two are the first humans to test positive for the virus in the U.K. since the agency announced a case of a 79-year-old English man who was infected after allowing ducks into his home.""
Read the full article:
https://www.republicworld.com/world-news/uk-news/two-poultry-workers-in-uk-test-positive-for-bird-flu-articleshow.html
 "
BRAZIL - Brazil Confirms First Ever Avian Flu Cases In Wild Birds,Avian Flu,2023-05-16 10:24:57,BR (Brazil),"Espírito Santo, Brazil",Unknown,Severe,-19.1834230,-40.3088630,https://www.hindustantimes.com/world-news/avian-flu-brazil-confirms-first-ever-avian-flu-cases-in-wild-birds-what-this-means-101684198727540.html,"[Reuters] BRAZIL - Brazil confirms first ever avian flu cases in wild birds: What this means
""Brazil, the world's top chicken exporter, has for the first time confirmed Highly Pathogenic Avian Influenza (HPAI) cases but only in wild birds, the Agriculture Ministry said on Monday.""
Read the full article:
https://www.hindustantimes.com/world-news/avian-flu-brazil-confirms-first-ever-avian-flu-cases-in-wild-birds-what-this-means-101684198727540.html
 "
CANADA - Few Avian Flu Cases Found In Western Canada,Avian Flu,2023-05-15 16:09:18,CA (Canada),"Fraser Valley, BC, Canada",Unknown,Severe,49.3764100,-121.8159310,https://www.sasktoday.ca/north/agriculture/few-avian-flu-cases-found-in-western-canada-6998880,"[sasktoday.ca] CANADA  - Few avian flu cases found in Western Canada
""Two cases have been reported in Western Canada at the end of the first week of May, only one of which has impacted a commercial poultry operation in British Columbia’s Fraser Valley.""
Read the full article:
https://www.sasktoday.ca/north/agriculture/few-avian-flu-cases-found-in-western-canada-6998880
 "
LUXEMBOURG - 3 New Cases Of Avian Flu Detected In Remerschen,Avian Flu H7N9 / H5N1 / H5N2 / H7N1 / H7N3 / H7N7 / H5N8,2023-05-15 16:05:07,LU (Luxembourg),Remerschen,Unknown,Severe,49.4877690,6.3512480,https://today.rtl.lu/news/luxembourg/a/2062944.html,"[RTL] LUXEMBOURG - Three new cases of avian flu detected in Remerschen
""The Ministry of Agriculture, Viticulture and Rural Development released a statement on Monday to announce that three new cases of avian flu were recently detected in Remerschen.""
Read the full article:
https://today.rtl.lu/news/luxembourg/a/2062944.html
 "
CHINA - First H3N8 Bird Flu Death Recorded In China,Avian Flu,2023-05-15 15:36:02,CN (China),"Guangdong, China",Unknown,Severe,23.1317100,113.2662700,https://www.arabnews.com/node/2285166/world,"[AFP] CHINA - First H3N8 bird flu death recorded in China
""She fell ill on February 22, was hospitalised for severe pneumonia on March 3 and died on March 16, the WHO said.""
Read the full article:
https://www.arabnews.com/node/2285166/world"
SOUTH DAKOTA - Avian Influenza Outbreak Continues Across The Country,Avian Flu,2023-05-15 15:10:16,US (United States),"Brookings, SD, USA",Unknown,Severe,44.3113570,-96.7983880,https://www.agweek.com/business/avian-influenza-outbreak-continues-across-the-country,"[agweek.com] SOUTH DAKOTA - Avian influenza outbreak continues across the country
""The avian influenza outbreak continues to impact birds across the country.""
Read the full article:
https://www.agweek.com/business/avian-influenza-outbreak-continues-across-the-country
 "
CANADA - Quebec Avian Flu Cases Higher Than Expected As Bird Deaths Near 1 Million,Avian Flu,2023-05-14 15:08:14,CA (Canada),"Rimouski, QC, Canada",Unknown,Severe,48.4389800,-68.5349700,https://www.terracestandard.com/news/quebec-avian-flu-cases-higher-than-expected-as-bird-deaths-near-1-million-expert/,"[THE CANADIAN PRESS] CANADA - Quebec avian flu cases higher than expected as bird deaths near 1 million: expert
""Poultry farmers in Quebec are grappling with a series of outbreaks of deadly avian flu, as the number of birds that have died or been euthanized due to the disease since early last year nears the one million mark.""
Read the full article:
https://www.terracestandard.com/news/quebec-avian-flu-cases-higher-than-expected-as-bird-deaths-near-1-million-expert/
 "
ESTONIA - New Case Of Avian Flu Detected In Deceased Black-Headed Gull,Avian Flu,2023-05-13 05:48:19,EE (Estonia),"Rapla County, Estonia",Unknown,Severe,58.8492630,24.7346570,https://news.err.ee/1608976673/new-case-of-avian-flu-detected-in-deceased-black-headed-gull,"[ERR] ESTONIA - New case of avian flu detected in deceased black-headed gull
""A fresh case of avian flu has been detected in Estonia after a dead black-headed gull was found to be infected with the virus. The case is the first involving a wild bird in over a year.""
Read the full article:
https://news.err.ee/1608976673/new-case-of-avian-flu-detected-in-deceased-black-headed-gull
 "
UNITED KINGDOM - Bird Flu Confirmed At Priory Country Park,Avian Flu,2023-05-12 18:56:44,UK (United Kingdom),"Priory County Park, Bedford",Unknown,Severe,52.1307330,-0.4321150,https://www.bedfordindependent.co.uk/bird-flu-confirmed-at-priory-country-park/,"[Bedford Independent] UNITED KINGDOM - Bird Flu confirmed at Priory Country Park
""It has been confirmed that bird flu has been found at Priory County Park, Bedford after over 100 Black-headed Gulls were found dead at the nature reserve in the last few weeks.""
Read the full article:
https://www.bedfordindependent.co.uk/bird-flu-confirmed-at-priory-country-park/
 "
FRANCE - France Tightens Bird Flu Measures In Southwest After New Outbreaks,Avian Flu,2023-05-12 18:46:39,FR (France),Paris,Unknown,Severe,48.8566140,2.3522220,https://theprint.in/environment/france-tightens-bird-flu-measures-in-southwest-after-new-outbreaks/1571327/,"[Reuters] FRANCE - France tightens bird flu measures in southwest after new outbreaks
"" France has reinforced sanitary measures to curb a wave of bird flu cases on duck farms in the southwest, where it has broken a recent lull in outbreaks, the French agriculture ministry said on Friday.""
Read the full article:
https://theprint.in/environment/france-tightens-bird-flu-measures-in-southwest-after-new-outbreaks/1571327/
 "
CANADA - Few Avian Flu Cases Found In Western Canada,Avian Flu,2023-05-11 18:41:34,CA (Canada),"Fraser Valley, BC, Canada",Unknown,Severe,49.3764100,-121.8159310,https://www.producer.com/livestock/few-avian-flu-cases-found-in-western-canada/,"[producer.com] CANADA - Few avian flu cases found in Western Canada
""Two cases have been reported in Western Canada at the end of the first week of May, only one of which has impacted a commercial poultry operation in British Columbia’s Fraser Valley.
Read the full article:
https://www.producer.com/livestock/few-avian-flu-cases-found-in-western-canada/
 "
NEBRASKA - Bird Flu Kills Three Nebraskan Cats,Avian Flu,2023-05-11 14:57:56,US (United States),"Madison County, NE, USA",Unknown,Severe,41.9108260,-97.5247240,https://networkforanimals.org/news/bird-flu-kills-three-nebraskan-cats/,"[networkforanimals.org] NEBRASKA - Bird Flu Kills Three Nebraskan Cats
""The bird flu that began last year, and which has so far killed 5 million birds in Nebraska, has now been linked to the deaths of at least three cats in the US state, according to the Fremont Tribune.""
Read the full article:
https://networkforanimals.org/news/bird-flu-kills-three-nebraskan-cats/"
UNITED KINGDOM - Bird Flu Discovered At Bettws Hall Game Farm In Wales,Avian Flu,2023-05-11 14:51:15,UK (United Kingdom),"Bettws Hall Game Farm, Bettws Cedewain, Newtown, Powys, UK",Unknown,Severe,52.5650540,-3.2907010,https://www.animalaid.org.uk/bird-flu-discovered-at-bettws-hall-game-farm-in-wales/,"[animalaid.org.uk] UNITED KINGDOM - Bird flu discovered at Bettws Hall Game Farm in Wales
""There has been an outbreak of bird flu at the largest game farm in the UK – Bettws Hall in Powys – just days after the mandatory housing measures were lifted. ""
Read the full article:
https://www.animalaid.org.uk/bird-flu-discovered-at-bettws-hall-game-farm-in-wales/"
SOUTH AFRICA - Quantum Had To Kill 420 000 Chickens Due To Bird Flu - Warns Of Egg Crunch In Wcape,Avian Flu,2023-05-09 09:15:38,ZA (South Africa),"Western Cape, South Africa",Unknown,Severe,-33.2277920,21.8568590,https://www.news24.com/fin24/companies/quantum-had-to-kill-420-000-chickens-due-to-bird-flu-warns-of-egg-crunch-20230509,"[news24.com] SOUTH AFRICA - Quantum had to kill 420 000 chickens due to bird flu, warns of egg crunch in WCape
""SA's biggest egg producer, Quantum Foods, said on Tuesday its profit slump for its half-year to end March won't be as bad as previously feared in part due to demand picking up. But it has since been forced to kill 420 000 chickens at one of its farms in the Western Cape due to an outbreak of avian influenza.""
Read the full article:
https://www.news24.com/fin24/companies/quantum-had-to-kill-420-000-chickens-due-to-bird-flu-warns-of-egg-crunch-20230509
 "
CZECH REPUBLIC - Bird Flu Outbreak - Czech Republic Culls 15000 Turkeys At Farm,Avian Flu,2023-05-04 19:42:18,CZ (Czech Republic),"Rychvald, Czechia",Unknown,Severe,49.8662500,18.3762680,https://www.latestly.com/world/bird-flu-outbreak-czech-republic-culls-15000-turkeys-at-farm-5102910.html,"[IANS] CZECH REPUBLIC - Bird Flu Outbreak: Czech Republic Culls 15,000 Turkeys at Farm
""Firefighters and veterinarians in the Czech Republic have started culling almost 15,000 turkeys at a farm in the country's northeastern region, due to a fresh outbreak of bird flu.""
Read the full article:
https://www.latestly.com/world/bird-flu-outbreak-czech-republic-culls-15000-turkeys-at-farm-5102910.html"
PHILIPPINES - Hog Cholera Kills More Than 2000 Pigs In Negros,Cholera Outbreak,2023-05-17 11:32:13,PH (Philippines),"Negros Occidental, Philippines",Unknown,Severe,10.2476560,122.9888320,https://visayandailystar.com/hog-cholera-kills-more-than-2000-pigs-in-negros/,"[visayandailystar.com] PHILIPPINES - Hog cholera kills more than 2,000 pigs in Negros
""Amid the culling of more than 2,000 pigs in Negros Occidental, Gov. Eugenio Jose Lacson yesterday maintained that the province remains ASF (African Swine Fever) free, stressing that the deaths of hogs was due to cholera.""
Read the full article:
https://visayandailystar.com/hog-cholera-kills-more-than-2000-pigs-in-negros/
 "
PAKISTAN - 2 Congo Virus-Related Deaths Cause Alarm In Pakistan,Congo Fever,2023-05-08 11:59:11,PK (Pakistan),"Karachi, Pakistan",Unknown,Unknown,24.8607340,67.0011360,https://www.aljazeera.com/news/2023/5/8/two-congo-virus-related-deaths-cause-alarm-in-pakistan,"[aljazeera.com] PAKISTAN - Two Congo virus-related deaths cause alarm in Pakistan
""Pakistan health authorities are alarmed after two people died of Crimean-Congo haemorrhagic fever (CCHF) virus in the country’s Sindh and Balochistan provinces.""
Read the full article:
https://www.aljazeera.com/news/2023/5/8/two-congo-virus-related-deaths-cause-alarm-in-pakistan
 "
BANGLADESH - 38 More Dengue Patients Hospitalized,Dengue Hemorrhagic Fever,2023-05-17 12:00:19,BD (Bangladesh),"Dhaka, Bangladesh",Unknown,Unknown,23.8103320,90.4125180,https://www.dhakatribune.com/bangladesh/2023/05/17/38-more-dengue-patients-hospitalized,"[UNB] BANGLADESH - 38 more dengue patients hospitalized
""Thirty-eight people were hospitalized with dengue in 24 hours to Wednesday morning.""
Read the full article:
https://www.dhakatribune.com/bangladesh/2023/05/17/38-more-dengue-patients-hospitalized
 "
BANGLADESH - Bangladesh Sees Steady Rise In Dengue Cases - 100 Patients Undergoing Treatment At Hospitals,Dengue Hemorrhagic Fever,2023-05-16 10:26:53,BD (Bangladesh),"Dhaka, Bangladesh",Unknown,Severe,23.8103320,90.4125180,https://www.dhakatribune.com/bangladesh/2023/05/16/bangladesh-sees-steady-rise-in-dengue-cases-100-patients-undergoing-treatment-at-hospitals,"[UNB] BANGLADESH - Bangladesh sees steady rise in dengue cases: 100 patients undergoing treatment at hospitals
""Bangladesh is seeing a steady rise in dengue cases and the number of patients hospitalized with the mosquito-borne disease reached 100 on Tuesday.""
Read the full article:
https://www.dhakatribune.com/bangladesh/2023/05/16/bangladesh-sees-steady-rise-in-dengue-cases-100-patients-undergoing-treatment-at-hospitals
 "
BANGLADESH - Bangladesh Reports 34 More Dengue Cases,Dengue Hemorrhagic Fever,2023-05-08 20:28:33,BD (Bangladesh),"Dhaka, Bangladesh",Unknown,Severe,23.8103320,90.4125180,https://unb.com.bd/category/Bangladesh/bangladesh-reports-34-more-dengue-cases/114931,"[UNB] BANGLADESH - Bangladesh reports 34 more dengue cases
""Of the new patients, 29 were admitted to hospitals in Dhaka and the rest outside it, according to the Directorate General of Health Services (DGHS).""
Read the full article:
https://unb.com.bd/category/Bangladesh/bangladesh-reports-34-more-dengue-cases/114931
 "
COSTA RICA - Unique Dengue Disease Outbreak Heads North,Dengue Hemorrhagic Fever,2023-05-07 11:54:09,CR (Costa Rica),Sarapaqui,Unknown,Severe,10.4539870,-84.0193860,https://www.vaxbeforetravel.com/unique-dengue-disease-outbreak-heads-north,"[vaxbeforetravel.com] COSTA RICA - Unique Dengue Disease Outbreak Heads North
""For the first time since 2000, all four types of Dengue virus have been detected simultaneously in the Republic of Costa Rica.""
Read the full article:
https://www.vaxbeforetravel.com/unique-dengue-disease-outbreak-heads-north"
UNITED KINGDOM - 2 Poultry Workers In UK Test Positive For Bird Flu,Avian Flu H7N9 / H5N1 / H5N2 / H7N1 / H7N3 / H7N7 / H5N8,2023-05-17 11:42:16,UK (United Kingdom),"London, UK",Unknown,Unknown,51.5072180,-0.1275860,https://www.republicworld.com/world-news/uk-news/two-poultry-workers-in-uk-test-positive-for-bird-flu-articleshow.html,"[Associated Press Television News] UNITED KINGDOM - Two Poultry Workers In UK Test Positive For Bird Flu
""The two are the first humans to test positive for the virus in the U.K. since the agency announced a case of a 79-year-old English man who was infected after allowing ducks into his home.""
Read the full article:
https://www.republicworld.com/world-news/uk-news/two-poultry-workers-in-uk-test-positive-for-bird-flu-articleshow.html
 "
LUXEMBOURG - 3 New Cases Of Avian Flu Detected In Remerschen,Avian Flu H7N9 / H5N1 / H5N2 / H7N1 / H7N3 / H7N7 / H5N8,2023-05-15 16:05:07,LU (Luxembourg),Remerschen,Unknown,Severe,49.4877690,6.3512480,https://today.rtl.lu/news/luxembourg/a/2062944.html,"[RTL] LUXEMBOURG - Three new cases of avian flu detected in Remerschen
""The Ministry of Agriculture, Viticulture and Rural Development released a statement on Monday to announce that three new cases of avian flu were recently detected in Remerschen.""
Read the full article:
https://today.rtl.lu/news/luxembourg/a/2062944.html
 "
DISTRICT OF COLUMBIA - The US Is Undergoing Its Worst Bird Flu Outbreak Ever,H7N9 / H5N1 / H5N2 / H7N1 / H7N3 / H7N7 / H5N8 Coronavirus,2023-05-15 15:05:37,US (United States),Washington D.C.,Unknown,Severe,38.8951100,-77.0363700,https://idahocapitalsun.com/2023/05/15/the-u-s-is-undergoing-its-worst-bird-flu-outbreak-ever-is-a-poultry-vaccine-the-answer/,"[Idaho Capital Sun] DISTRICT OF COLUMBIA - The U.S. is undergoing its worst bird flu outbreak ever. Is a poultry vaccine the answer?
""The deadliest outbreak of bird flu in U.S. history is prompting growing concern in Congress, and Department of Agriculture researchers are awaiting the preliminary results of four trials of vaccines for poultry.""
Read the full article:
https://idahocapitalsun.com/2023/05/15/the-u-s-is-undergoing-its-worst-bird-flu-outbreak-ever-is-a-poultry-vaccine-the-answer/
 "
FRANCE - Mpox Showing Signs Of Return,Monkey Pox,2023-05-12 20:13:43,FR (France),Paris,Unknown,Severe,48.8566140,2.3522220,https://www.washingtonpost.com/health/2023/05/12/mpox-monkeypox-gay-bisexual-men/,"[washingtonpost.com] FRANCE - Monkeypox, now known as mpox, showing signs of return
""That’s the message from public health authorities and LGBT health providers as cases rise in some countries and small clusters of infections in vaccinated people have been detected in Chicago and France.""
Read the full article:
https://www.washingtonpost.com/health/2023/05/12/mpox-monkeypox-gay-bisexual-men/
 "
ILLINOIS - CDC Investigating Possible Mpox Resurgence Amid Dozens Of New Cases Nationwide,Monkey Pox,2023-05-10 15:19:41,US (United States),"Chicago, IL, USA",Unknown,Severe,41.8781140,-87.6297980,https://www.cbsnews.com/news/mpox-resurgence-dozens-new-cases-nationwide-cdc-investigating/,"[cbsnews.com] ILLINOIS - CDC investigating possible mpox resurgence amid dozens of new cases nationwide
""The U.S. Centers for Disease Control and Prevention said Wednesday it was working with multiple health departments to investigate new mpox cases around the country, less than a month after officials had hailed the weekly pace of new infections slowing to zero nationwide.""
Read the full article:
https://www.cbsnews.com/news/mpox-resurgence-dozens-new-cases-nationwide-cdc-investigating/
 "
"ILLINOIS - Mpox - Formerly Monkeypox - Cases On Rise In Chicago - Vaccines Recommended, Health Experts Say",Monkey Pox,2023-05-10 09:11:31,US (United States),"Chicago, IL, USA",Unknown,Severe,41.8781140,-87.6297980,https://abc7chicago.com/monkeypox-chicago-mpox-vaccine-how-is-transmitted/13228418/,"[WLS] ILLINOIS - Mpox, formerly Monkeypox, cases on rise in Chicago; vaccines recommended, health experts say
""Howard Brown Health has issued a warning that cases of Mpox, formerly called monkeypox, are on the rise in Chicago.""
Read the full article:
https://abc7chicago.com/monkeypox-chicago-mpox-vaccine-how-is-transmitted/13228418/
 "
BRAZIL - 4th Monkeypox Death Reported In Minas Gerais - 1st In 6 Months,Monkey Pox,2023-05-07 11:57:18,BR (Brazil),Minas Gerais,Unknown,Unknown,-19.7664430,-44.0872710,https://outbreaknewstoday.com/4th-monkeypox-death-reported-in-minas-gerais-1st-in-6-months-35259/,"[outbreaknewstoday.com] BRAZIL - 4th monkeypox death reported in Minas Gerais, 1st in 6 months
""The Minas Gerais State Health Secretariat (SES-MG) reports that as of 05/05/2023, 615  cases of Monkeypox, or Mpox have been confirmed by laboratory tests. Another 2,487 cases have been discarded and there are 81 suspected cases.""
Read the full article:
https://outbreaknewstoday.com/4th-monkeypox-death-reported-in-minas-gerais-1st-in-6-months-35259/"
PAKISTAN - Hangu - Wild Poliovirus Detected In Sewage Samples From Peshawar And Hangu,Polio,2023-05-11 01:02:00,PK (Pakistan),"Hangu, Pakistan",Unknown,Severe,33.5223290,71.0616620,https://outbreaknewstoday.com/pakistan-wild-poliovirus-detected-in-sewage-samples-from-peshawar-and-hangu-58900/,"[outbreaknewstoday.com] PAKISTAN - Pakistan: Wild poliovirus detected in sewage samples from Peshawar and Hangu
""The virus was found in an environmental sample collected from Naray Khuwar site in Peshawar on April 10 and in another collected from Civil Hospital-Jani Chowk site in Hangu on April 10. According to the Pakistan Polio Laboratory at the National Institute of Health, the two detected viruses are genetically linked to poliovirus that was found in the environment in Nangarhar, Afghanistan in January this year.""
Read the full article:
https://outbreaknewstoday.com/pakistan-wild-poliovirus-detected-in-sewage-samples-from-peshawar-and-hangu-58900/"
PAKISTAN - Peshawar - Wild Poliovirus Detected In Sewage Samples From Peshawar And Hangu,Polio,2023-05-10 00:58:01,PK (Pakistan),"Peshawar, Pakistan",Unknown,Severe,34.0151370,71.5249150,https://outbreaknewstoday.com/pakistan-wild-poliovirus-detected-in-sewage-samples-from-peshawar-and-hangu-58900/,"[outbreaknewstoday.com] PAKISTAN - Pakistan: Wild poliovirus detected in sewage samples from Peshawar and Hangu
""The virus was found in an environmental sample collected from Naray Khuwar site in Peshawar on April 10 and in another collected from Civil Hospital-Jani Chowk site in Hangu on April 10. According to the Pakistan Polio Laboratory at the National Institute of Health, the two detected viruses are genetically linked to poliovirus that was found in the environment in Nangarhar, Afghanistan in January this year.""
Read the full article:
https://outbreaknewstoday.com/pakistan-wild-poliovirus-detected-in-sewage-samples-from-peshawar-and-hangu-58900/"
SUDAN - UNICEF - More Than 1 Million Polio Vaccines Destroyed In Sudan,Vaccines,2023-05-05 14:58:54,SD (Sudan),Khartoum,Unknown,Severe,15.5517700,32.5324100,https://www.reuters.com/world/africa/unicef-more-than-1-million-polio-vaccines-lost-sudan-2023-05-05/,"[Reuters] SUDAN - UNICEF: More than 1 million polio vaccines destroyed in Sudan
""More than 1 million polio vaccines intended for children have been destroyed as a result of looting in Sudan during the upsurge in violence since April, the U.N. children's agency UNICEF told Reuters on Friday.""
Read the full article:
https://www.reuters.com/world/africa/unicef-more-than-1-million-polio-vaccines-lost-sudan-2023-05-05/"
INDIA - 21 Fresh Covid Cases In Delhi Positivity Rate 1.11 Pc,Coronavirus,2023-05-18 17:07:01,IN (India),"Delhi, India",Unknown,Severe,28.7040590,77.1024900,https://www.theweek.in/wire-updates/national/2023/05/18/des61-dl-covid-cases.html,"[PTI] INDIA - 21 fresh Covid cases in Delhi positivity rate 1.11 pc
""Delhi on Thursday logged 21 fresh Covid cases with a reduced positivity rate of 1.11 per cent, according to the data shared by the city government's health department.""
Read the full article:
https://www.theweek.in/wire-updates/national/2023/05/18/des61-dl-covid-cases.html
 "
INDIA - India Records 906 Fresh Cases - Active Caseload Declines To 10179,Coronavirus,2023-05-18 17:04:33,IN (India),"New Delhi, Delhi, India",Unknown,Severe,28.6139390,77.2090210,https://timesofindia.indiatimes.com/india/covid-19-india-records-906-fresh-cases-active-caseload-declines-to-10179/articleshow/100319625.cms,"[PTI] INDIA - Covid-19: India records 906 fresh cases, active caseload declines to 10,179
""India witnessed a single-day rise of 906 new Covid-19 cases as the active cases declined to 10,179, according to Union Health Ministry data updated on Thursday.""
Read the full article:
https://timesofindia.indiatimes.com/india/covid-19-india-records-906-fresh-cases-active-caseload-declines-to-10179/articleshow/100319625.cms
 "
INDIA - Mumbai Logs 21 New Covid-19 Cases,Coronavirus,2023-05-18 17:02:46,IN (India),"Mumbai, Maharashtra, India",Unknown,Severe,19.0759840,72.8776560,https://www.mid-day.com/mumbai/mumbai-news/article/mumbai-logs-21-new-covid-19-cases-23287371,"[PTI] INDIA - Mumbai logs 21 new Covid-19 cases
""Mumbai on Thursday reported 21 new coronavirus positive cases, which took its overall tally to 11,63,598, the Brihanmumbai Municipal Corporation (BMC) said.""
Read the full article:
https://www.mid-day.com/mumbai/mumbai-news/article/mumbai-logs-21-new-covid-19-cases-23287371
 "
INDIA - Maharashtra Sees 22 Covid-19 Cases - 3 Deaths,Coronavirus,2023-05-16 18:35:58,IN (India),"Maharashtra, India",Unknown,Unknown,19.7514800,75.7138880,https://www.outlookindia.com/national/maharashtra-sees-22-covid-19-cases-three-deaths-news-286580,"[PTI] INDIA - Maharashtra Sees 22 Covid-19 Cases, Three Deaths
""Maharashtra on Monday reported 22 Covid-19 cases, taking the tally to 81,68,425, a state health department report said. The death toll in the state increased to 1,48,545 as three persons died in the last 24 hours due to complications related to the viral disease, the department said.""
Read the full article:
https://www.outlookindia.com/national/maharashtra-sees-22-covid-19-cases-three-deaths-news-286580
 "
IRAN - Covid In Iran - Over 40 New Cases - 3 Deaths,Coronavirus,2023-05-16 18:34:31,IR (Iran),"Tehran, Tehran Province, Iran",Unknown,Severe,35.7218580,51.3346950,https://www.farsnews.ir/en/news/14020226000407/COVID-in-Iran-Over-40-New-Cases-3-Deahs,"[FNA] IRAN - COVID in Iran: Over 40 New Cases, 3 Deaths
"" The Iranian health ministry announced on Tuesday that more than 40 new cases of coronavirus infection have been identified across the country during the past 24 hours, adding that three patients have passed away in the same period of time.""
Read the full article:
https://www.farsnews.ir/en/news/14020226000407/COVID-in-Iran-Over-40-New-Cases-3-Deahs
 "
TAIWAN - Covid-19 Cases Rise 33 Percent,Coronavirus,2023-05-16 18:32:28,TW (Taiwan),Taipei,Unknown,Severe,25.0477600,121.5318500,https://www.taipeitimes.com/News/taiwan/archives/2023/05/17/2003799950,"[taipei times] TAIWAN- COVID-19 cases rise 33 percent
""The daily reported number of moderate to severe cases of COVID-19 increased 33 percent last week from a week earlier, indicating a fourth wave of local Omicron infections, the Centers for Disease Control (CDC) said yesterday.""
Read the full article:
https://www.taipeitimes.com/News/taiwan/archives/2023/05/17/2003799950
 "
MOLDOVA - Over 70 Cases Of Infection With Covid-19 Registered In Moldova In Last Week,Coronavirus,2023-05-16 18:31:50,MD (Moldova),Chisinau,Unknown,Severe,47.0055600,28.8575000,https://www.moldpres.md/en/news/2023/05/16/23003895,"[moldpres] MOLDOVA - Over 70 cases of infection with COVID-19 registered in Moldova in last week
""Seventy six cases of infection with the new-type coronavirus have been recorded in Moldova in the last week.According to the Health Ministry, on the same period, 11,637 tests were made and three deaths were registered.""
Read the full article:
https://www.moldpres.md/en/news/2023/05/16/23003895
 "
INDIA - India Reports Over 656 New Covid Cases,Coronavirus,2023-05-16 10:28:49,IN (India),New Delhi,Unknown,Severe,28.6357600,77.2244500,https://www.livemint.com/news/india/indias-covid-19-cases-drop-to-656-in-the-last-24-hours-booster-doses-urged-to-combat-new-variant-xbb116-11684217311358.html,"[Livemint] INDIA - India reports over 656 new covid cases
""India’s covid-19 cases have witnessed a notable drop, with 656 new cases reported in the last 24 hours, as per the health ministry data on Tuesday. The total number of active cases has dropped to 13,037, demonstrating a significant downturn in the pandemic’s trajectory in the country.""
Read the full article:
https://www.livemint.com/news/india/indias-covid-19-cases-drop-to-656-in-the-last-24-hours-booster-doses-urged-to-combat-new-variant-xbb116-11684217311358.html
 "
DISTRICT OF COLUMBIA - The US Is Undergoing Its Worst Bird Flu Outbreak Ever,H7N9 / H5N1 / H5N2 / H7N1 / H7N3 / H7N7 / H5N8 Coronavirus,2023-05-15 15:05:37,US (United States),Washington D.C.,Unknown,Severe,38.8951100,-77.0363700,https://idahocapitalsun.com/2023/05/15/the-u-s-is-undergoing-its-worst-bird-flu-outbreak-ever-is-a-poultry-vaccine-the-answer/,"[Idaho Capital Sun] DISTRICT OF COLUMBIA - The U.S. is undergoing its worst bird flu outbreak ever. Is a poultry vaccine the answer?
""The deadliest outbreak of bird flu in U.S. history is prompting growing concern in Congress, and Department of Agriculture researchers are awaiting the preliminary results of four trials of vaccines for poultry.""
Read the full article:
https://idahocapitalsun.com/2023/05/15/the-u-s-is-undergoing-its-worst-bird-flu-outbreak-ever-is-a-poultry-vaccine-the-answer/
 "
INDIA - Coimbatore District Reports Three New Covid-19 Cases,Coronavirus,2023-05-15 10:32:12,IN (India),"Coimbatore, Tamil Nadu, India",Unknown,Severe,11.0168440,76.9558320,https://www.thehindu.com/news/cities/Coimbatore/coimbatore-district-reports-three-new-covid-19-cases/article66854471.ece,"[THE HINDU BUREAU] INDIA - Coimbatore district reports three new COVID-19 cases
""Coimbatore district on Monday reported three new cases of COVID-19. The Health Department said that 13 persons recovered from the disease on Monday and the district had 80 active cases. ""
Read the full article:
https://www.thehindu.com/news/cities/Coimbatore/coimbatore-district-reports-three-new-covid-19-cases/article66854471.ece
 "
BULGARIA - Covid-19 In Bulgaria - 31 New Cases In The Last 24 Hours,Coronavirus,2023-05-14 15:04:53,BG (Bulgaria),Sofia,Unknown,Unknown,42.6975100,23.3241500,https://www.novinite.com/articles/220090/COVID-19+in+Bulgaria%3A+31+New+Cases+in+the+Last+24+hours,"[novinite.com] BULGARIA - COVID-19 in Bulgaria: 31 New Cases in the Last 24 hours
""31 are the new confirmed cases of infection with Covid-19 in Bulgaria over the last 24 hours, One infected person died. 3 infected have been cured.""
Read the full article:
https://www.novinite.com/articles/220090/COVID-19+in+Bulgaria%3A+31+New+Cases+in+the+Last+24+hours
 "
INDIA - 1272 New Covid Cases In India In Past 24 Hours - 3 Deaths,Coronavirus,2023-05-14 15:03:41,IN (India),"Chandigarh, Punjab, India",Unknown,Unknown,30.5389940,75.9550330,https://www.ndtv.com/india-news/1-272-new-covid-cases-in-india-in-past-24-hours-3-deaths-4032964,"[PTI] INDIA - 1,272 New Covid Cases In India In Past 24 Hours, 3 Deaths
""The death count has increased to 5,31,770 with three deaths. While two deaths were reported from Punjab, one was from West Bengal, the data updated at 8 am stated.""
Read the full article:
https://www.ndtv.com/india-news/1-272-new-covid-cases-in-india-in-past-24-hours-3-deaths-4032964
 "
INDIA - 1272 New Covid Cases In India In Past 24 Hours - 3 Deaths,Coronavirus,2023-05-14 14:57:31,IN (India),"Calcutta, West Bengal, India",Unknown,Severe,22.5726460,88.3638950,https://www.ndtv.com/india-news/1-272-new-covid-cases-in-india-in-past-24-hours-3-deaths-4032964,"[PTI] INDIA - 1,272 New Covid Cases In India In Past 24 Hours, 3 Deaths
""The death count has increased to 5,31,770 with three deaths. While two deaths were reported from Punjab, one was from West Bengal, the data updated at 8 am stated.""
Read the full article:
https://www.ndtv.com/india-news/1-272-new-covid-cases-in-india-in-past-24-hours-3-deaths-4032964
 "
INDIA - India Records 1272 New Covid Cases With Active Infections Number Dipping To 15515,Coronavirus,2023-05-14 05:42:49,IN (India),New Delhi,Unknown,Severe,28.6357600,77.2244500,https://www.telegraphindia.com/india/india-records-1272-new-covid-cases-with-active-infections-number-dipping-to-15515/cid/1936766,"[telegraphindia.com] INDIA - India records 1,272 new Covid cases with active infections number dipping to 15,515
""The death toll has increased to 5,31,770 with three deaths. While two deaths were reported from Punjab, one was from West Bengal, the data updated at 8 am stated.""
Read the full article:
https://www.telegraphindia.com/india/india-records-1272-new-covid-cases-with-active-infections-number-dipping-to-15515/cid/1936766"
INDIA - 5 New Covid Cases In UT - Panchkula Has One,Coronavirus,2023-05-13 05:51:55,IN (India),"Panchkula, Haryana, India",Unknown,Severe,30.6942090,76.8605650,https://timesofindia.indiatimes.com/city/chandigarh/5-new-covid-cases-in-ut-panchkula-has-one/articleshow/100219502.cms?from=mdr,"[TNN] INDIA - 5 new Covid cases in UT, Panchkula has one
""One fresh case of Covid-19 was reported in the Panchkula district on Saturday, making a total of 19 active cases in the district.""
Read the full article:
https://timesofindia.indiatimes.com/city/chandigarh/5-new-covid-cases-in-ut-panchkula-has-one/articleshow/100219502.cms?from=mdr"
CANADA - New COVID-19 Outbreak Hits Oakville Community,Coronavirus,2023-05-12 23:34:08,CA (Canada),"Oakville, Ontario, Canada",Unknown,Severe,43.4675170,-79.6876660,https://www./news/new-covid-19-outbreak-hits-oakville-community/article_6c74fb88-d83f-5acb-9d06-66dfb105e47f.html,"[insidehalton.com] CANADA - New COVID-19 outbreak hits Oakville community
""There are now two known and active outbreaks in the region.""
Read the full article:
https://www./news/new-covid-19-outbreak-hits-oakville-community/article_6c74fb88-d83f-5acb-9d06-66dfb105e47f.html"
GREECE - Rise In Coronavirus Infections - 52 Covid-Deaths May 1-7,Coronavirus,2023-05-12 18:34:49,GR (Greece),"Athens, Greece",Unknown,Unknown,37.9838100,23.7275390,https://www.keeptalkinggreece.com/2023/05/11/coronavirus-greece-infections-rise-deaths/,"[keep talking greece] GREECE - Rise in coronavirus infections; 52 Covid-deaths May 1-7
""At present, 61 people are intubated with Covid-19 in Greek hospitals, while another 52 died during the week of May 1-7. The median age of those who died was 86 (age range: 68-99).""
Read the full article:
https://www.keeptalkinggreece.com/2023/05/11/coronavirus-greece-infections-rise-deaths/
 "
BANGLADESH - Bangladesh Reports 24 New Covid Cases - No Deaths In A Day,Coronavirus,2023-05-11 15:16:05,BD (Bangladesh),Dhaka,Unknown,Severe,23.8109300,90.3654200,https://bdnews24.com/coronavirus-pandemic/0vv3oa0jxh,"[bdnews24.com] BANGLADESH - Bangladesh reports 24 new COVID cases, no deaths in a day
""The death toll from the disease stayed unchanged at 29,446 over the 24-hour period, according to the latest government data released on Thursday.""
Read the full article:
https://bdnews24.com/coronavirus-pandemic/0vv3oa0jxh
 "
NEPAL - Nepal Reports 30 New Covid-19 Cases,Coronavirus,2023-05-11 15:14:21,NP (Nepal),Kathmandu,Unknown,Severe,27.7016900,85.3206000,https://kathmandupost.com/national/2023/05/11/nepal-reports-30-new-covid-19-cases,"[kathmandupost.com] NEPAL - Nepal reports 30 new Covid-19 cases
""The new cases were confirmed through 1,630 tests—820 through RT-PCR and 810 through antigen—performed during the period, the Ministry of Health and Population said on Thursday.""
Read the full article:
https://kathmandupost.com/national/2023/05/11/nepal-reports-30-new-covid-19-cases
 "
INDIA - Noida Sees 1 Covid Death - 9 New Cases,Coronavirus,2023-05-11 15:13:19,IN (India),"Noida, Uttar Pradesh, India",Unknown,Unknown,28.5355160,77.3910260,https://timesofindia.indiatimes.com/city/noida/noida-sees-1-covid-death-9-new-cases/articleshow/100145195.cms,"[TNN] INDIA - Noida sees 1 Covid death, 9 new cases
""The district also recorded one death of an 85-year-old, taking the total number of Covid-related deaths to 494.""
Read the full article:
https://timesofindia.indiatimes.com/city/noida/noida-sees-1-covid-death-9-new-cases/articleshow/100145195.cms
 "
INDIA - India Reports 1690 New Covid Cases,Coronavirus,2023-05-11 15:12:51,IN (India),New Delhi,Unknown,Severe,28.6357600,77.2244500,https://www.livemint.com/news/india/india-reports-1-690-new-covid-cases-booster-dose-urged-for-elderly-comorbid-xbb-1-16-variant-responsible-health-ministry-11683787650434.html,"[Livemint] INDIA - India reports 1,690 new covid cases
""ndia reported about 1,690 new covid cases in the last 24 hours taking the number of active cases to 19,613, the union health ministry said on Thursday.""
Read the full article:
https://www.livemint.com/news/india/india-reports-1-690-new-covid-cases-booster-dose-urged-for-elderly-comorbid-xbb-1-16-variant-responsible-health-ministry-11683787650434.html
 "
PHILIPPINES - PH Logs 1165 New Covid-19 Infections - Active Cases Drop To 12125,Coronavirus,2023-05-10 09:07:56,PH (Philippines),"Manila, Metro Manila, Philippines",Unknown,Severe,14.5995120,120.9842190,https://www.gmanetwork.com/news/topstories/nation/869479/philippines-logs-1-165-new-covid-19-infections-active-cases-drop-to-12-125/story/,"[GMA NEWS] PHILIPPINES - PH logs 1,165 new COVID-19 infections, active cases drop to 12,125
""The Department of Health (DOH) on Tuesday recorded 1,165 new COVID-19 infections, while the active tally dropped to 12,125.""
Read the full article:
https://www.gmanetwork.com/news/topstories/nation/869479/philippines-logs-1-165-new-covid-19-infections-active-cases-drop-to-12-125/story/
 "
INDIA - Indias Covid Cases Decline - 1331 New Infections Reported In Last 24 Hours,Coronavirus,2023-05-09 13:25:31,IN (India),"Delhi, India",Unknown,Severe,28.7040590,77.1024900,https://www.livemint.com/news/india/indias-covid-cases-decline-1-331-new-infections-reported-in-last-24-hours-11683622987845.html,"[Livemint] INDIA - India's covid cases decline; 1,331 new infections reported in last 24 hours
""New covid-19 cases continued to decline in India, with the number of new infections coming down to 1,331 in a day and active caseload dipping to 22,742, as per the health ministry's update. The country reported 1,839 covid-19 cases on Monday.""
Read the full article:
https://www.livemint.com/news/india/indias-covid-cases-decline-1-331-new-infections-reported-in-last-24-hours-11683622987845.html
 "
INDIA - Covid-19 - India Registers 1331 New Cases - 15 Deaths,Coronavirus,2023-05-09 09:10:25,IN (India),New Delhi,Unknown,Severe,28.6357600,77.2244500,https://www.newsbytesapp.com/news/india/covid-19-india-registers-1-331-new-cases-15-deaths/story,"[news bytes] INDIA - COVID-19: India registers 1,331 new cases, 15 deaths
""India registered 1,331 new cases of COVID-19 in the last 24 hours.Meanwhile, with 15 new deaths, the fatality toll rose to 5,31,707.""
Read the full article:
https://www.newsbytesapp.com/news/india/covid-19-india-registers-1-331-new-cases-15-deaths/story"
IRAN - Covid Kills 8 More Patients In Iran - 134 New Cases,Coronavirus,2023-05-09 09:08:44,IR (Iran),Tehran,Unknown,Severe,35.6943900,51.4215100,https://ifpnews.com/covid-kills-8-patients-iran-134-cases/,"[IFP] IRAN - Covid kills 8 more patients in Iran; 134 new cases
""The number of deaths from the coronavirus pandemic in Iran increased to 146,188 with eight more patients killed by the deadly disease over the past 24 hours, Iran's Health Ministry announced on Tuesday.""
Read the full article:
https://ifpnews.com/covid-kills-8-patients-iran-134-cases/
 "
SOUTH KOREA - S Koreas New Covid-19 Cases Jump To 3-Month High Of Over 20000,Coronavirus,2023-05-09 09:06:01,KR (South Korea),"Seoul, South Korea",Unknown,Severe,37.5518910,126.9917940,http://www.koreaherald.com/view.php?mp=1&np=1&ud=20230509000215,"[YONHAP] SOUTH KOREA - S. Korea's new COVID-19 cases jump to 3-month high of over 20,000
""The country added 14 COVID-19 deaths Tuesday, raising the death toll to 34,548.""
Read the full article:
http://www.koreaherald.com/view.php?mp=1&np=1&ud=20230509000215"
BULGARIA - Covid-19 In Bulgaria - In Past Week - 13 Deaths - 890 New Cases,Coronavirus,2023-05-08 11:45:14,BG (Bulgaria),Sofia,Unknown,Severe,42.6975100,23.3241500,https://sofiaglobe.com/2023/05/08/covid-19-in-bulgaria-in-past-week-13-deaths-890-new-cases/,"[sofia globe] BULGARIA - Covid-19 in Bulgaria: In past week, 13 deaths, 890 new cases
""The deaths of 13 people in Bulgaria who had tested positive for Covid-19 were registered in the past week,A total of 890 new cases of Covid-19 were confirmed in Bulgaria in the past week.""
Read the full article:
https://sofiaglobe.com/2023/05/08/covid-19-in-bulgaria-in-past-week-13-deaths-890-new-cases/
 "
PHILIPPINES - DOH Logs 9 New Covid-19 Deaths - 1878 Fresh Cases In Past Week,Coronavirus,2023-05-08 11:44:33,PH (Philippines),"Manila, Metro Manila, Philippines",Unknown,Severe,14.5995120,120.9842190,https://www.gmanetwork.com/news/topstories/nation/869221/doh-logs-9-new-covid-19-deaths-1-878-fresh-cases-in-past-week/story/,"[GMA NEWS] PHILIPPINES - DOH logs 9 new COVID-19 deaths; 1,878 fresh cases in past week
""A DOH weekly report published on May 6 shows nine new deaths; 735 new recoveries; 1,878 new cases; and 10,195 active cases in the country.""
Read the full article:
https://www.gmanetwork.com/news/topstories/nation/869221/doh-logs-9-new-covid-19-deaths-1-878-fresh-cases-in-past-week/story/
 "
AUSTRALIA - Australia Records Rise In Covid-19 Deaths,Coronavirus,2023-05-08 11:43:51,AU (Australia),"Canberra ACT, Australia",Unknown,Severe,-35.2801850,149.1310320,https://www.canberratimes.com.au/story/8187161/australian-covid-19-deaths-rise-as-global-emergency-ends/?cs=14231,"[canberra times] AUSTRALIA - Australia Records Rise In Covid-19 Deaths
""There were 144 new deaths reported to health authorities in the week ending May 5, up 22 per cent on the previous week.More than 30,000 new cases were reported nationwide but the upward trend has slowed after a spike in March.""
Read the full article:
https://www.canberratimes.com.au/story/8187161/australian-covid-19-deaths-rise-as-global-emergency-ends/?cs=14231
 "
NEW ZEALAND - Covid-19 Numbers - 12277 New Cases - 30 Deaths,Coronavirus,2023-05-07 11:43:06,NZ (New Zealand),Wellington,Unknown,Severe,-41.2866400,174.7755700,https://www.newstalkzb.co.nz/news/national/covid-19-numbers-12-277-new-cases-30-deaths/,"[RNZ] NEW ZEALAND - Covid-19 numbers: 12,277 new cases, 30 deaths
""There were 12,277 new cases of Covid-19 in New Zealand in the week to midnight on Sunday and a further 30 deaths.""
Read the full article:
https://www.newstalkzb.co.nz/news/national/covid-19-numbers-12-277-new-cases-30-deaths/
 "
IRAN - Iran Reports Almost 140 New Covid Cases - 10 Deaths,Coronavirus,2023-05-06 11:45:44,IR (Iran),Tehran,Unknown,Unknown,35.6943900,51.4215100,https://www.farsnews.ir/en/news/14020216000713/Iran-Reprs-Alms-40-New-COVID-Cases-0-Deahs,"[FNA] IRAN - Iran Reports Almost 140 New COVID Cases, 10 Deaths
""The Iranian health ministry announced on Saturday that 139 new cases of coronavirus infection have been identified across the country during the past 24 hours, adding that 10 patients have passed away in the same period of time.""
Read the full article:
https://www.farsnews.ir/en/news/14020216000713/Iran-Reprs-Alms-40-New-COVID-Cases-0-Deahs
 "
RUSSIA - Russia Records 4273 Daily Covid Cases - 32 Deaths,Coronavirus,2023-05-04 06:31:28,RU (Russia),"Moscow, Russia",Unknown,Severe,55.7558260,37.6173000,https://www.azernews.az/region/209446.html,"[azernews] RUSSIA - Russia records 4,273 daily COVID cases, 32 deaths
""Russia’s COVID-19 death toll rose by 32 over the past day, reaching 398,431, the anti-coronavirus crisis center told reporters on Thursday.""
Read the full article:
https://www.azernews.az/region/209446.html"
INDIA - Arunachal Logs 7 New Covid Cases,Coronavirus,2023-05-04 06:28:13,IN (India),Itanagar,Unknown,Severe,27.0843680,93.6053160,https://www.outlookindia.com/national/arunachal-logs-7-new-covid-cases-tally-at-66-945-news-283686,"[PTI] INDIA - Arunachal Logs 7 New Covid Cases, Tally At 66,945 
""Arunachal Pradesh reported seven new COVID-19 cases, pushing the virus tally in the northeastern state to 66,945, a senior health official said here on Thursday. A total of 296 people have succumbed to the virus till date, the official said.""
Read the full article:
https://www.outlookindia.com/national/arunachal-logs-7-new-covid-cases-tally-at-66-945-news-283686"
INDIA - India Reports 3962 Fresh Covid-19 Cases - 22 Deaths,Coronavirus,2023-05-04 06:27:34,IN (India),New Delhi,Unknown,Severe,28.6357600,77.2244500,https://www.newsbytesapp.com/news/india/india-reports-3-962-fresh-covid-19-cases-22-deaths/story,"[news bytes] INDIA - India reports 3,962 fresh COVID-19 cases, 22 deaths
""With 3,962 new cases added in the last 24 hours, The death toll reached 5,31,606 with 22 fresh fatalities.""
Read the full article:
https://www.newsbytesapp.com/news/india/india-reports-3-962-fresh-covid-19-cases-22-deaths/story"
UNITED KINGDOM - Deaths Involving Covid Continue To Decrease In Scotland - Weekly Update,Coronavirus,2023-05-04 06:25:54,UK (United Kingdom),"Glasgow, UK",Unknown,Severe,55.8642370,-4.2518060,https://theorkneynews.scot/2023/05/04/deaths-involving-covid-continue-to-decrease-in-scotland-weekly-update/,"[theorkneynews.scot] UNITED KINGDOM - Deaths Involving Covid Continue to Decrease in Scotland, Weekly Update
""The provisional total number of deaths registered in Scotland in week 17 of 2023 (24th to 30th April) was 1,199 (87 or 8% above the 5-year average).""
Read the full article:
https://theorkneynews.scot/2023/05/04/deaths-involving-covid-continue-to-decrease-in-scotland-weekly-update/
 "
GREECE - Drop In Coronavirus Infections - Rise In Flu Cases - 57 Deaths Due To Covid-19,Coronavirus,2023-05-04 06:25:16,GR (Greece),Athens,Unknown,Severe,37.9837600,23.7278400,https://www.ekathimerini.com/news/1210181/drop-in-coronavirus-infections-rise-in-flu-cases-57-deaths-due-to-covid-19/,"[ekathimerini.com] GREECE - Drop in coronavirus infections, rise in flu cases; 57 deaths due to Covid-19
""At present, 61 people are intubated with Covid-19 in Greek hospitals, while another 57 died during the week of April 24-30.  The median age of those who died was 84 (age range: 59-102).""
Read the full article:
https://www.ekathimerini.com/news/1210181/drop-in-coronavirus-infections-rise-in-flu-cases-57-deaths-due-to-covid-19/
 "
